info,name,pic_path
,³¬¾ŞÈéÌ×ˆD,https://htx5.com//qingchun/40608.html
,³¬¾ŞÈéÌ×ˆD,https://htx5.com//qingchun/40608.html
,³¬¾ŞÈéÌ×ˆD,https://htx5.com//qingchun/40608.html
,³¬¾ŞÈéÌ×ˆD,https://htx5.com//qingchun/40608.html
,³¬¾ŞÈéÌ×ˆD,https://htx5.com//qingchun/40608.html
,³¬¾ŞÈéÌ×ˆD,https://htx5.com//qingchun/40608.html
,³¬¾ŞÈéÌ×ˆD,https://htx5.com//qingchun/40608.html
,³¬¾ŞÈéÌ×ˆD,https://htx5.com//qingchun/40608.html
,³¬¾ŞÈéÌ×ˆD,https://htx5.com//qingchun/40608.html
,³¬¾ŞÈéÌ×ˆD,https://htx5.com//qingchun/40608.html
,³¬¾ŞÈéÌ×ˆD,https://htx5.com//qingchun/40608.html
,³¬¾ŞÈéÌ×ˆD,https://htx5.com//qingchun/40608.html
,³¬¾ŞÈéÌ×ˆD,https://htx5.com//qingchun/40608.html
,³¬¾ŞÈéÌ×ˆD,https://htx5.com//qingchun/40608.html
,³¬¾ŞÈéÌ×ˆD,https://htx5.com//qingchun/40608.html
,³¬¾ŞÈéÌ×ˆD,https://htx5.com//qingchun/40608.html
,³¬¾ŞÈéÌ×ˆD,https://htx5.com//qingchun/40608.html
,³¬¾ŞÈéÌ×ˆD,https://htx5.com//qingchun/40608.html
,³¬¾ŞÈéÌ×ˆD,https://htx5.com//qingchun/40608.html
,³¬¾ŞÈéÌ×ˆD,https://htx5.com//qingchun/40608.html
